Age,Jour,Mois,Annee,Heure,Nombre de nuits,Accouchement,Bilan Sante,Operation Du Canal Carpien,ORL,Echographie,Coloscopie,IRM,Chambre Individuelle
54.0,54.0,54.0,54.0,54.0,54.0,54.0,54.0,54.0,54.0,54.0,54.0,54.0,54.0
31.925925925925927,15.518518518518519,7.314814814814815,2022.4814814814815,14.574074074074074,5.388888888888889,0.12962962962962962,1.0,0.2222222222222222,0.5555555555555556,0.48148148148148145,0.42592592592592593,0.37037037037037035,0.8703703703703703
13.380994480135936,6.433229596930333,2.880147232046818,0.7458246225320819,5.261472108557308,4.039506165720394,0.3390495203045245,0.0,0.4196434545311265,0.5015698625755193,0.5043486642416058,0.49912572061109167,0.48743829009700335,0.3390495203045245
12.0,2.0,1.0,2021.0,1.0,0.0,0.0,1.0,0.0,0.0,0.0,0.0,0.0,0.0
23.25,12.0,5.25,2022.0,11.25,3.0,0.0,1.0,0.0,0.0,0.0,0.0,0.0,1.0
30.0,14.5,8.0,2023.0,16.0,4.0,0.0,1.0,0.0,1.0,0.0,0.0,0.0,1.0
37.75,19.0,9.75,2023.0,19.0,8.5,0.0,1.0,0.0,1.0,1.0,1.0,1.0,1.0
69.0,30.0,12.0,2023.0,23.0,20.0,1.0,1.0,1.0,1.0,1.0,1.0,1.0,1.0
