,Age,Jour,Mois,Annee,Heure,Nombre de nuits,Accouchement,Bilan Sante,Operation Du Canal Carpien,ORL,Echographie,Coloscopie,IRM,Chambre Individuelle
count,66.0,66.0,66.0,66.0,66.0,66.0,66.0,66.0,66.0,66.0,66.0,66.0,66.0,66.0
mean,32.92424242424242,14.909090909090908,7.803030303030303,2022.5151515151515,14.0,5.5606060606060606,0.13636363636363635,1.0,0.24242424242424243,0.6212121212121212,0.42424242424242425,0.3787878787878788,0.3787878787878788,0.8787878787878788
std,13.342022227142222,6.7041371216178565,2.9311047902412657,0.7069419352159693,5.761944116355173,3.8873712212310023,0.34580401903450975,0.0,0.4318335170875305,0.4888023515980042,0.4980147066288786,0.4888023515980042,0.4888023515980042,0.32887460856458367
min,11.0,2.0,1.0,2021.0,1.0,0.0,0.0,1.0,0.0,0.0,0.0,0.0,0.0,0.0
25%,26.0,11.25,6.0,2022.0,10.25,3.0,0.0,1.0,0.0,0.0,0.0,0.0,0.0,1.0
50%,30.0,13.5,8.0,2023.0,16.0,4.0,0.0,1.0,0.0,1.0,0.0,0.0,0.0,1.0
75%,38.75,19.0,10.0,2023.0,19.0,8.75,0.0,1.0,0.0,1.0,1.0,1.0,1.0,1.0
max,69.0,30.0,12.0,2023.0,23.0,20.0,1.0,1.0,1.0,1.0,1.0,1.0,1.0,1.0
