,Age,Jour,Mois,Annee,Heure,Nombre de nuits,Accouchement,Bilan Sante,Operation Du Canal Carpien,ORL,Echographie,Coloscopie,IRM,Chambre Individuelle
count,55.0,55.0,55.0,55.0,55.0,55.0,55.0,55.0,55.0,55.0,55.0,55.0,55.0,55.0
mean,31.545454545454547,15.454545454545455,7.381818181818182,2022.490909090909,14.545454545454545,5.454545454545454,0.12727272727272726,1.0,0.21818181818181817,0.5454545454545454,0.4727272727272727,0.41818181818181815,0.38181818181818183,0.8727272727272727
std,13.55348551838123,6.391018529555196,2.8962997407989715,0.742187140040671,5.216846577721854,4.03144208100839,0.33634998607300876,0.0,0.4168181542799855,0.502518907629606,0.5038571760648587,0.49780663697006666,0.4903101471559,0.3363499860730087
min,11.0,2.0,1.0,2021.0,1.0,0.0,0.0,1.0,0.0,0.0,0.0,0.0,0.0,0.0
25%,23.0,12.0,5.5,2022.0,11.5,3.0,0.0,1.0,0.0,0.0,0.0,0.0,0.0,1.0
50%,30.0,14.0,8.0,2023.0,16.0,4.0,0.0,1.0,0.0,1.0,0.0,0.0,0.0,1.0
75%,37.5,19.0,10.0,2023.0,19.0,9.0,0.0,1.0,0.0,1.0,1.0,1.0,1.0,1.0
max,69.0,30.0,12.0,2023.0,23.0,20.0,1.0,1.0,1.0,1.0,1.0,1.0,1.0,1.0
